k,trial,nodes,t_fail,proto,flow,excluded,lost,blackout_ms,recovered,sent_in_window
1,0,13,12.28,tinynet,main,False,3,1.274000000000001,True,810
1,0,13,12.28,tinynet,cross,False,12,1.4329999999999998,True,1620
1,0,13,12.28,lfa,main,False,0,0.5100000000000051,True,810
1,0,13,12.28,lfa,cross,False,0,0.3499999999999659,True,1620
1,1,4,11.935,tinynet,main,False,0,0.5229999999999961,True,810
1,1,4,11.935,tinynet,cross,False,11,2.6629999999999985,True,1620
1,1,4,11.935,lfa,main,False,0,0.4660000000000082,True,810
1,1,4,11.935,lfa,cross,False,1199,200.49,True,1620
1,2,1,11.71,tinynet,main,False,7,3.3180000000000014,True,810
1,2,1,11.71,tinynet,cross,False,14,2.6030000000000015,True,1620
1,2,1,11.71,lfa,main,False,599,200.60899999999998,True,810
1,2,1,11.71,lfa,cross,False,1198,200.34300000000002,True,1620
1,3,6,12.581,tinynet,main,False,9,4.013999999999998,True,810
1,3,6,12.581,tinynet,cross,False,0,0.43300000000000693,True,1620
1,3,6,12.581,lfa,main,False,30,10.332999999999998,True,810
1,3,6,12.581,lfa,cross,False,0,0.34200000000001296,True,1621
1,4,10,11.355,tinynet,main,False,0,0.535000000000025,True,810
1,4,10,11.355,tinynet,cross,False,3,1.213000000000001,True,1620
1,4,10,11.355,lfa,main,False,0,0.48500000000001364,True,810
1,4,10,11.355,lfa,cross,False,0,0.3439999999999941,True,1620
1,5,13,12.306,tinynet,main,False,3,1.2729999999999997,True,810
1,5,13,12.306,tinynet,cross,False,13,1.436,True,1620
1,5,13,12.306,lfa,main,False,0,0.5009999999999764,True,810
1,5,13,12.306,lfa,cross,False,0,0.34499999999999886,True,1620
1,6,2,12.934,tinynet,main,False,0,0.46100000000001273,True,810
1,6,2,12.934,tinynet,cross,False,7,1.9819999999999993,True,1620
1,6,2,12.934,lfa,main,False,599,200.356,True,810
1,6,2,12.934,lfa,cross,False,1197,200.377,True,1620
1,7,5,12.84,tinynet,main,False,3,1.6579999999999995,True,810
1,7,5,12.84,tinynet,cross,False,0,0.40300000000002,True,1620
1,7,5,12.84,lfa,main,False,30,10.666,True,810
1,7,5,12.84,lfa,cross,False,0,0.34600000000000364,True,1620
1,8,5,12.505,tinynet,main,False,4,1.6600000000000001,True,810
1,8,5,12.505,tinynet,cross,False,0,0.4029999999999916,True,1620
1,8,5,12.505,lfa,main,False,30,10.667,True,810
1,8,5,12.505,lfa,cross,False,0,0.34600000000000364,True,1620
1,9,9,12.03,tinynet,main,False,0,0.4890000000000043,True,810
1,9,9,12.03,tinynet,cross,False,0,0.4140000000000157,True,1620
1,9,9,12.03,lfa,main,False,0,0.48400000000000887,True,810
1,9,9,12.03,lfa,cross,False,0,0.34699999999998,True,1620
1,10,9,11.897,tinynet,main,False,0,0.5099999999999909,True,810
1,10,9,11.897,tinynet,cross,False,0,0.34600000000000364,True,1620
1,10,9,11.897,lfa,main,False,0,0.48500000000001364,True,810
1,10,9,11.897,lfa,cross,False,0,0.34499999999999886,True,1620
1,11,11,11.678,tinynet,main,False,7,3.1690000000000005,True,810
1,11,11,11.678,tinynet,cross,False,6,1.0869999999999997,True,1620
1,11,11,11.678,lfa,main,False,600,200.632,True,810
1,11,11,11.678,lfa,cross,False,0,0.3359999999999985,True,1620
1,12,2,11.453,tinynet,main,False,0,0.4590000000000032,True,810
1,12,2,11.453,tinynet,cross,False,16,3.5549999999999997,True,1620
1,12,2,11.453,lfa,main,False,598,200.39800000000002,True,810
1,12,2,11.453,lfa,cross,False,1197,200.393,True,1620
1,13,5,12.052,tinynet,main,False,6,2.382999999999999,True,810
1,13,5,12.052,tinynet,cross,False,0,0.3919999999999959,True,1620
1,13,5,12.052,lfa,main,False,29,10.433000000000002,True,810
1,13,5,12.052,lfa,cross,False,0,0.3430000000000035,True,1619
1,14,2,12.326,tinynet,main,False,0,0.46100000000001273,True,810
1,14,2,12.326,tinynet,cross,False,11,2.5699999999999985,True,1620
1,14,2,12.326,lfa,main,False,599,200.35399999999998,True,810
1,14,2,12.326,lfa,cross,False,1197,200.348,True,1620
1,15,7,11.026,tinynet,main,False,9,3.6630000000000003,True,810
1,15,7,11.026,tinynet,cross,False,0,0.48799999999999955,True,1620
1,15,7,11.026,lfa,main,False,30,10.717,True,810
1,15,7,11.026,lfa,cross,False,0,0.3340000000000032,True,1620
1,16,7,11.73,tinynet,main,False,6,3.005000000000001,True,810
1,16,7,11.73,tinynet,cross,False,0,0.48399999999998045,True,1621
1,16,7,11.73,lfa,main,False,29,10.763,True,809
1,16,7,11.73,lfa,cross,False,0,0.33500000000000796,True,1619
1,17,7,11.391,tinynet,main,False,7,3.176,True,810
1,17,7,11.391,tinynet,cross,False,0,0.4449999999999932,True,1619
1,17,7,11.391,lfa,main,False,29,10.604,True,810
1,17,7,11.391,lfa,cross,False,0,0.3340000000000032,True,1620
1,18,7,11.871,tinynet,main,False,6,2.716000000000001,True,810
1,18,7,11.871,tinynet,cross,False,0,0.48600000000000065,True,1620
1,18,7,11.871,lfa,main,False,30,10.565,True,810
1,18,7,11.871,lfa,cross,False,0,0.3430000000000035,True,1620
1,19,9,11.6,tinynet,main,False,0,0.49500000000000455,True,810
1,19,9,11.6,tinynet,cross,False,0,0.4059999999999917,True,1620
1,19,9,11.6,lfa,main,False,0,0.5030000000000427,True,810
1,19,9,11.6,lfa,cross,False,0,0.34699999999998,True,1620
1,20,14,12.749,tinynet,main,False,0,0.5289999999999964,True,810
1,20,14,12.749,tinynet,cross,False,0,0.40200000000001523,True,1620
1,20,14,12.749,lfa,main,False,0,0.48400000000000887,True,810
1,20,14,12.749,lfa,cross,False,0,0.3439999999999941,True,1620
1,21,4,12.595,tinynet,main,False,0,0.5530000000000044,True,810
1,21,4,12.595,tinynet,cross,False,18,3.612,True,1620
1,21,4,12.595,lfa,main,False,0,0.4660000000000082,True,810
1,21,4,12.595,lfa,cross,False,1199,200.522,True,1620
1,22,8,11.69,tinynet,main,False,0,0.5200000000000014,True,811
1,22,8,11.69,tinynet,cross,False,13,2.671999999999999,True,1620
1,22,8,11.69,lfa,main,False,0,0.52800000000002,True,810
1,22,8,11.69,lfa,cross,False,1199,200.445,True,1620
1,23,9,12.894,tinynet,main,False,0,0.52800000000002,True,810
1,23,9,12.894,tinynet,cross,False,0,0.42099999999999227,True,1620
1,23,9,12.894,lfa,main,False,0,0.46699999999999875,True,810
1,23,9,12.894,lfa,cross,False,0,0.3439999999999941,True,1619
1,24,11,11.866,tinynet,main,False,6,2.709999999999999,True,810
1,24,11,11.866,tinynet,cross,False,0,0.4270000000000209,True,1620
1,24,11,11.866,lfa,main,False,600,200.61,True,810
1,24,11,11.866,lfa,cross,False,0,0.33500000000000796,True,1620
1,25,8,12.801,tinynet,main,False,0,0.49200000000000443,True,811
1,25,8,12.801,tinynet,cross,False,18,3.548000000000002,True,1620
1,25,8,12.801,lfa,main,False,0,0.47999999999998977,True,810
1,25,8,12.801,lfa,cross,False,1199,200.32000000000002,True,1620
1,26,1,12.392,tinynet,main,False,10,4.702999999999999,True,810
1,26,1,12.392,tinynet,cross,False,19,4.028000000000002,True,1619
1,26,1,12.392,lfa,main,False,599,200.299,True,810
1,26,1,12.392,lfa,cross,False,1197,200.361,True,1620
1,27,5,11.628,tinynet,main,False,7,2.770999999999999,True,810
1,27,5,11.628,tinynet,cross,False,0,0.40200000000001523,True,1620
1,27,5,11.628,lfa,main,False,30,10.379999999999999,True,810
1,27,5,11.628,lfa,cross,False,0,0.34600000000000364,True,1620
1,28,1,12.402,tinynet,main,False,10,4.702000000000002,True,810
1,28,1,12.402,tinynet,cross,False,19,4.028000000000002,True,1619
1,28,1,12.402,lfa,main,False,599,200.38500000000002,True,811
1,28,1,12.402,lfa,cross,False,1197,200.333,True,1620
1,29,5,11.456,tinynet,main,False,7,2.8930000000000007,True,810
1,29,5,11.456,tinynet,cross,False,0,0.4209999999999994,True,1620
1,29,5,11.456,lfa,main,False,30,10.667,True,810
1,29,5,11.456,lfa,cross,False,0,0.34099999999997976,True,1620
2,0,7 14,11.378,tinynet,main,False,8,3.267999999999999,True,810
2,0,7 14,11.378,tinynet,cross,False,0,0.4029999999999916,True,1620
2,0,7 14,11.378,lfa,main,False,30,10.631,True,810
2,0,7 14,11.378,lfa,cross,False,0,0.3340000000000032,True,1620
2,1,2 8,12.097,tinynet,main,False,12,4.837,True,814
2,1,2 8,12.097,tinynet,cross,False,24,5.035,True,1620
2,1,2 8,12.097,lfa,main,False,598,200.24499999999998,True,810
2,1,2 8,12.097,lfa,cross,False,1199,200.622,True,1620
2,2,6 9,11.84,tinynet,main,False,6,2.930999999999999,True,810
2,2,6 9,11.84,tinynet,cross,False,0,0.3900000000000148,True,1620
2,2,6 9,11.84,lfa,main,False,600,200.75099999999998,True,810
2,2,6 9,11.84,lfa,cross,False,0,0.3359999999999843,True,1620
2,3,6 10,11.94,tinynet,main,False,0,0.6129999999999995,True,810
2,3,6 10,11.94,tinynet,cross,False,0,0.3919999999999959,True,1620
2,3,6 10,11.94,lfa,main,False,30,10.333000000000002,True,810
2,3,6 10,11.94,lfa,cross,False,0,0.34600000000000364,True,1620
2,4,1 10,11.833,tinynet,main,False,6,3.0730000000000004,True,810
2,4,1 10,11.833,tinynet,cross,False,13,3.0790000000000006,True,1620
2,4,1 10,11.833,lfa,main,False,598,200.431,True,810
2,4,1 10,11.833,lfa,cross,False,1197,200.34199999999998,True,1620
2,5,8 11,12.588,tinynet,main,False,10,4.261000000000001,True,811
2,5,8 11,12.588,tinynet,cross,False,19,3.904,True,1620
2,5,8 11,12.588,lfa,main,False,600,200.667,True,810
2,5,8 11,12.588,lfa,cross,False,1199,200.32299999999998,True,1620
2,6,8 11,12.0,tinynet,main,False,6,2.764000000000001,True,811
2,6,8 11,12.0,tinynet,cross,False,23,4.485000000000001,True,1620
2,6,8 11,12.0,lfa,main,False,600,200.666,True,810
2,6,8 11,12.0,lfa,cross,False,1199,200.55399999999997,True,1620
2,7,5 14,12.809,tinynet,main,False,3,1.6609999999999996,True,810
2,7,5 14,12.809,tinynet,cross,False,0,0.40399999999999636,True,1620
2,7,5 14,12.809,lfa,main,False,30,10.751000000000001,True,810
2,7,5 14,12.809,lfa,cross,False,0,0.3450000000000273,True,1620
2,8,6 14,11.716,tinynet,main,False,0,0.5440000000000111,True,811
2,8,6 14,11.716,tinynet,cross,False,12,1.2650000000000006,True,1621
2,8,6 14,11.716,lfa,main,False,30,10.256999999999998,True,811
2,8,6 14,11.716,lfa,cross,False,0,0.3440000000000083,True,1621
2,9,1 10,11.628,tinynet,main,False,7,3.4589999999999996,True,810
2,9,1 10,11.628,tinynet,cross,False,14,3.129999999999999,True,1620
2,9,1 10,11.628,lfa,main,False,599,200.667,True,810
2,9,1 10,11.628,lfa,cross,False,1197,200.13,True,1620
2,10,6 8,12.548,tinynet,main,False,0,0.392000000000003,True,810
2,10,6 8,12.548,tinynet,cross,False,20,3.7369999999999983,True,1620
2,10,6 8,12.548,lfa,main,False,30,10.616999999999999,True,810
2,10,6 8,12.548,lfa,cross,False,1200,200.504,True,1620
2,11,6 8,12.777,tinynet,main,False,0,0.47499999999999964,True,810
2,11,6 8,12.777,tinynet,cross,False,18,3.410000000000002,True,1620
2,11,6 8,12.777,lfa,main,False,29,10.332999999999998,True,810
2,11,6 8,12.777,lfa,cross,False,1198,200.291,True,1620
2,12,9 13,12.894,tinynet,main,False,9,3.432999999999998,True,810
2,12,9 13,12.894,tinynet,cross,False,6,1.2640000000000011,True,1623
2,12,9 13,12.894,lfa,main,False,0,0.48400000000000887,True,810
2,12,9 13,12.894,lfa,cross,False,0,0.34499999999999886,True,1620
2,13,2 5,11.595,tinynet,main,False,14,5.452000000000002,True,811
2,13,2 5,11.595,tinynet,cross,False,24,5.333000000000002,True,1620
2,13,2 5,11.595,lfa,main,False,600,201.0,True,810
2,13,2 5,11.595,lfa,cross,False,1197,200.409,True,1620
2,14,5 13,11.975,tinynet,main,False,0,0.5720000000000027,True,810
2,14,5 13,11.975,tinynet,cross,False,0,0.39099999999999113,True,1620
2,14,5 13,11.975,lfa,main,False,30,10.333000000000002,True,810
2,14,5 13,11.975,lfa,cross,False,0,0.34499999999999886,True,1620
2,15,2 9,11.026,tinynet,main,False,8,3.4299999999999997,True,810
2,15,2 9,11.026,tinynet,cross,False,19,4.004999999999999,True,1620
2,15,2 9,11.026,lfa,main,False,599,200.357,True,810
2,15,2 9,11.026,lfa,cross,False,1197,200.36100000000002,True,1620
2,16,9 11,12.203,tinynet,main,False,17,6.157,True,810
2,16,9 11,12.203,tinynet,cross,False,0,0.33500000000000796,True,1620
2,16,9 11,12.203,lfa,main,False,599,200.429,True,810
2,16,9 11,12.203,lfa,cross,False,0,0.3360000000000056,True,1620
2,17,7 14,12.781,tinynet,main,False,9,3.9810000000000016,True,810
2,17,7 14,12.781,tinynet,cross,False,1,0.6750000000000007,True,1620
2,17,7 14,12.781,lfa,main,False,29,10.314,True,810
2,17,7 14,12.781,lfa,cross,False,0,0.3379999999999992,True,1620
2,18,5 14,12.884,tinynet,main,False,3,1.411999999999999,True,810
2,18,5 14,12.884,tinynet,cross,False,0,0.40200000000001523,True,1620
2,18,5 14,12.884,lfa,main,False,30,10.333000000000002,True,810
2,18,5 14,12.884,lfa,cross,False,0,0.34300000000001774,True,1620
2,19,4 14,12.278,tinynet,main,False,0,0.4949999999999992,True,810
2,19,4 14,12.278,tinynet,cross,False,22,4.379999999999999,True,1620
2,19,4 14,12.278,lfa,main,False,0,0.5020000000000095,True,810
2,19,4 14,12.278,lfa,cross,False,1199,200.48499999999999,True,1620
2,20,1 9,12.835,tinynet,main,False,9,4.183999999999999,True,810
2,20,1 9,12.835,tinynet,cross,False,19,3.8500000000000014,True,1620
2,20,1 9,12.835,lfa,main,False,598,200.369,True,810
2,20,1 9,12.835,lfa,cross,False,1197,200.379,True,1620
2,21,8 14,12.199,tinynet,main,False,0,0.5800000000000125,True,811
2,21,8 14,12.199,tinynet,cross,False,22,4.263000000000002,True,1620
2,21,8 14,12.199,lfa,main,False,0,0.4649999999999892,True,810
2,21,8 14,12.199,lfa,cross,False,1199,200.33999999999997,True,1620
2,22,10 11,12.231,tinynet,main,False,11,4.360999999999999,True,810
2,22,10 11,12.231,tinynet,cross,False,0,0.42499999999999716,True,1620
2,22,10 11,12.231,lfa,main,False,600,200.56699999999998,True,810
2,22,10 11,12.231,lfa,cross,False,0,0.3390000000000004,True,1621
2,23,2 14,12.532,tinynet,main,False,9,3.8579999999999988,True,810
2,23,2 14,12.532,tinynet,cross,False,18,4.025000000000002,True,1620
2,23,2 14,12.532,lfa,main,False,598,200.479,True,810
2,23,2 14,12.532,lfa,cross,False,1197,200.416,True,1620
2,24,1 5,12.714,tinynet,main,False,607,51.99800000000002,False,826
2,24,1 5,12.714,tinynet,cross,False,1317,46.10899999999998,False,1699
2,24,1 5,12.714,lfa,main,False,599,200.522,True,810
2,24,1 5,12.714,lfa,cross,False,1197,200.333,True,1620
2,25,6 8,11.643,tinynet,main,False,0,0.5230000000000015,True,810
2,25,6 8,11.643,tinynet,cross,False,13,2.6639999999999997,True,1620
2,25,6 8,11.643,lfa,main,False,30,10.402,True,810
2,25,6 8,11.643,lfa,cross,False,1199,200.50400000000002,True,1620
2,26,1 9,12.337,tinynet,main,False,11,4.481999999999999,True,810
2,26,1 9,12.337,tinynet,cross,False,22,4.313000000000001,True,1620
2,26,1 9,12.337,lfa,main,False,599,200.666,True,810
2,26,1 9,12.337,lfa,cross,False,1197,200.34699999999998,True,1620
2,27,5 11,11.56,tinynet,main,False,7,3.186,True,810
2,27,5 11,11.56,tinynet,cross,False,0,0.3400000000000034,True,1620
2,27,5 11,11.56,lfa,main,False,599,200.51299999999998,True,810
2,27,5 11,11.56,lfa,cross,False,0,0.33999999999999986,True,1621
2,28,1 5,12.11,tinynet,main,False,569,51.30499999999998,False,815
2,28,1 5,12.11,tinynet,cross,False,1231,61.32800000000003,False,1725
2,28,1 5,12.11,lfa,main,False,598,200.632,True,810
2,28,1 5,12.11,lfa,cross,False,1197,200.482,True,1620
2,29,1 7,12.032,tinynet,main,False,11,4.615,True,810
2,29,1 7,12.032,tinynet,cross,False,22,4.193,True,1620
2,29,1 7,12.032,lfa,main,False,599,200.731,True,810
2,29,1 7,12.032,lfa,cross,False,1198,200.33,True,1620
3,0,9 11 14,11.637,tinynet,main,True,,,,
3,0,9 11 14,11.637,tinynet,cross,False,3,1.0939999999999976,True,1620
3,0,9 11 14,11.637,lfa,main,True,,,,
3,0,9 11 14,11.637,lfa,cross,False,0,0.40300000000002,True,1620
3,1,5 11 14,12.326,tinynet,main,True,,,,
3,1,5 11 14,12.326,tinynet,cross,False,0,0.3400000000000034,True,1620
3,1,5 11 14,12.326,lfa,main,True,,,,
3,1,5 11 14,12.326,lfa,cross,False,0,0.40300000000002,True,1620
3,2,4 5 11,12.917,tinynet,main,False,588,13.191000000000003,False,810
3,2,4 5 11,12.917,tinynet,cross,False,988,17.045999999999992,False,1661
3,2,4 5 11,12.917,lfa,main,False,600,200.671,True,810
3,2,4 5 11,12.917,lfa,cross,False,1199,200.519,True,1620
3,3,7 10 13,12.779,tinynet,main,True,,,,
3,3,7 10 13,12.779,tinynet,cross,False,0,0.4789999999999992,True,1620
3,3,7 10 13,12.779,lfa,main,True,,,,
3,3,7 10 13,12.779,lfa,cross,False,0,0.40399999999999636,True,1620
3,4,1 4 7,12.684,tinynet,main,True,,,,
3,4,1 4 7,12.684,tinynet,cross,False,21,4.276000000000002,True,1620
3,4,1 4 7,12.684,lfa,main,True,,,,
3,4,1 4 7,12.684,lfa,cross,False,60,10.559999999999999,True,1620
3,5,6 9 13,12.209,tinynet,main,False,11,4.641000000000002,True,810
3,5,6 9 13,12.209,tinynet,cross,False,0,0.33199999999999896,True,1620
3,5,6 9 13,12.209,lfa,main,False,600,200.784,True,810
3,5,6 9 13,12.209,lfa,cross,False,0,0.33999999999999986,True,1620
3,6,2 6 7,12.927,tinynet,main,False,3,1.7959999999999994,True,810
3,6,2 6 7,12.927,tinynet,cross,True,,,,
3,6,2 6 7,12.927,lfa,main,False,30,10.922,True,810
3,6,2 6 7,12.927,lfa,cross,True,,,,
3,7,4 5 14,11.735,tinynet,main,False,6,3.0,True,810
3,7,4 5 14,11.735,tinynet,cross,False,11,2.415000000000001,True,1622
3,7,4 5 14,11.735,lfa,main,False,29,10.347999999999999,True,810
3,7,4 5 14,11.735,lfa,cross,False,1198,200.649,True,1620
3,8,2 8 11,11.638,tinynet,main,False,7,3.285,True,810
3,8,2 8 11,11.638,tinynet,cross,False,16,3.343,True,1621
3,8,2 8 11,11.638,lfa,main,False,600,201.0,True,810
3,8,2 8 11,11.638,lfa,cross,False,1199,200.528,True,1620
3,9,1 9 11,12.336,tinynet,main,False,11,4.433999999999999,True,810
3,9,1 9 11,12.336,tinynet,cross,False,22,4.335000000000001,True,1620
3,9,1 9 11,12.336,lfa,main,False,600,201.061,True,810
3,9,1 9 11,12.336,lfa,cross,False,1198,200.33,True,1620
3,10,2 4 13,11.367,tinynet,main,False,7,3.0669999999999984,True,810
3,10,2 4 13,11.367,tinynet,cross,False,17,3.4300000000000015,True,1620
3,10,2 4 13,11.367,lfa,main,False,599,200.333,True,810
3,10,2 4 13,11.367,lfa,cross,False,1197,200.479,True,1620
3,11,6 9 11,11.876,tinynet,main,False,12,5.536,True,811
3,11,6 9 11,11.876,tinynet,cross,False,0,0.3569999999999993,True,1620
3,11,6 9 11,11.876,lfa,main,False,600,200.796,True,810
3,11,6 9 11,11.876,lfa,cross,False,0,0.35499999999996135,True,1620
3,12,2 4 7,11.086,tinynet,main,False,9,3.6839999999999993,True,811
3,12,2 4 7,11.086,tinynet,cross,True,,,,
3,12,2 4 7,11.086,lfa,main,False,29,10.597,True,810
3,12,2 4 7,11.086,lfa,cross,True,,,,
3,13,5 8 14,11.241,tinynet,main,False,9,3.3310000000000013,True,811
3,13,5 8 14,11.241,tinynet,cross,False,27,5.475,True,1620
3,13,5 8 14,11.241,lfa,main,False,30,10.301,True,810
3,13,5 8 14,11.241,lfa,cross,False,1200,200.49800000000002,True,1620
3,14,6 7 8,12.135,tinynet,main,False,238,6.161999999999999,False,812
3,14,6 7 8,12.135,tinynet,cross,False,463,4.225999999999999,False,1623
3,14,6 7 8,12.135,lfa,main,False,30,10.899000000000001,True,810
3,14,6 7 8,12.135,lfa,cross,False,1199,200.40900000000002,True,1620
3,15,5 9 14,11.148,tinynet,main,False,10,3.331999999999999,True,812
3,15,5 9 14,11.148,tinynet,cross,False,0,0.40300000000002,True,1620
3,15,5 9 14,11.148,lfa,main,False,30,10.618,True,810
3,15,5 9 14,11.148,lfa,cross,False,0,0.3410000000000082,True,1620
3,16,5 10 11,11.593,tinynet,main,False,15,5.597000000000001,True,812
3,16,5 10 11,11.593,tinynet,cross,False,0,0.36100000000000065,True,1620
3,16,5 10 11,11.593,lfa,main,False,600,200.66500000000002,True,810
3,16,5 10 11,11.593,lfa,cross,False,0,0.3390000000000004,True,1620
3,17,7 10 14,12.701,tinynet,main,True,,,,
3,17,7 10 14,12.701,tinynet,cross,False,0,0.6409999999999982,True,1620
3,17,7 10 14,12.701,lfa,main,True,,,,
3,17,7 10 14,12.701,lfa,cross,False,0,0.40300000000002,True,1620
3,18,2 10 13,12.479,tinynet,main,False,3,1.9700000000000006,True,810
3,18,2 10 13,12.479,tinynet,cross,False,25,5.042999999999999,True,1623
3,18,2 10 13,12.479,lfa,main,False,598,200.34799999999998,True,810
3,18,2 10 13,12.479,lfa,cross,False,1197,200.394,True,1620
3,19,1 8 9,11.643,tinynet,main,False,8,3.4450000000000003,True,811
3,19,1 8 9,11.643,tinynet,cross,False,14,2.9240000000000013,True,1620
3,19,1 8 9,11.643,lfa,main,False,599,200.63,True,810
3,19,1 8 9,11.643,lfa,cross,False,1199,200.624,True,1620
3,20,2 7 14,12.154,tinynet,main,False,11,4.538,True,810
3,20,2 7 14,12.154,tinynet,cross,True,,,,
3,20,2 7 14,12.154,lfa,main,False,30,10.857000000000001,True,810
3,20,2 7 14,12.154,lfa,cross,True,,,,
3,21,6 7 9,12.81,tinynet,main,False,9,4.498000000000001,True,812
3,21,6 7 9,12.81,tinynet,cross,False,0,0.3739999999999988,True,1620
3,21,6 7 9,12.81,lfa,main,False,599,200.912,True,810
3,21,6 7 9,12.81,lfa,cross,False,0,0.36000000000001364,True,1620
3,22,2 7 13,12.549,tinynet,main,False,9,4.103,True,810
3,22,2 7 13,12.549,tinynet,cross,True,,,,
3,22,2 7 13,12.549,lfa,main,False,30,10.927,True,810
3,22,2 7 13,12.549,lfa,cross,True,,,,
3,23,5 9 14,12.489,tinynet,main,False,15,3.9289999999999985,True,811
3,23,5 9 14,12.489,tinynet,cross,False,0,0.4039999999999999,True,1620
3,23,5 9 14,12.489,lfa,main,False,30,10.561000000000002,True,810
3,23,5 9 14,12.489,lfa,cross,False,0,0.3470000000000084,True,1620
3,24,6 9 10,11.424,tinynet,main,False,7,3.5619999999999994,True,810
3,24,6 9 10,11.424,tinynet,cross,False,0,0.4300000000000068,True,1620
3,24,6 9 10,11.424,lfa,main,False,599,200.596,True,810
3,24,6 9 10,11.424,lfa,cross,False,0,0.3359999999999843,True,1620
3,25,1 11 13,11.411,tinynet,main,False,8,3.16,True,811
3,25,1 11 13,11.411,tinynet,cross,False,15,3.475999999999999,True,1620
3,25,1 11 13,11.411,lfa,main,False,599,200.667,True,810
3,25,1 11 13,11.411,lfa,cross,False,1197,200.329,True,1620
3,26,4 8 14,11.042,tinynet,main,False,0,0.46699999999999875,True,810
3,26,4 8 14,11.042,tinynet,cross,False,18,3.6929999999999996,True,1620
3,26,4 8 14,11.042,lfa,main,False,0,0.46399999999999864,True,810
3,26,4 8 14,11.042,lfa,cross,False,1199,200.63299999999998,True,1620
3,27,2 5 6,12.838,tinynet,main,False,16,6.426,True,811
3,27,2 5 6,12.838,tinynet,cross,False,29,5.930999999999999,True,1620
3,27,2 5 6,12.838,lfa,main,False,600,201.113,True,810
3,27,2 5 6,12.838,lfa,cross,False,1198,200.428,True,1620
3,28,6 8 11,11.986,tinynet,main,False,12,5.128,True,810
3,28,6 8 11,11.986,tinynet,cross,False,22,4.195000000000002,True,1620
3,28,6 8 11,11.986,lfa,main,False,599,200.333,True,810
3,28,6 8 11,11.986,lfa,cross,False,1199,200.48999999999998,True,1620
3,29,2 6 9,11.842,tinynet,main,False,706,27.34499999999997,False,1016
3,29,2 6 9,11.842,tinynet,cross,False,1007,4.6299999999999955,False,1637
3,29,2 6 9,11.842,lfa,main,False,600,201.0,True,810
3,29,2 6 9,11.842,lfa,cross,False,1198,200.52,True,1620
4,0,5 7 8 11,12.774,tinynet,main,False,15,6.116000000000001,True,810
4,0,5 7 8 11,12.774,tinynet,cross,False,30,6.01,True,1620
4,0,5 7 8 11,12.774,lfa,main,False,598,200.47199999999998,True,810
4,0,5 7 8 11,12.774,lfa,cross,False,1199,200.49900000000002,True,1620
4,1,1 6 8 14,12.139,tinynet,main,False,18,7.108000000000002,True,811
4,1,1 6 8 14,12.139,tinynet,cross,False,36,6.753000000000002,True,1620
4,1,1 6 8 14,12.139,lfa,main,False,598,200.524,True,810
4,1,1 6 8 14,12.139,lfa,cross,False,1200,200.794,True,1620
4,2,6 7 13 14,11.731,tinynet,main,False,6,3.226000000000001,True,810
4,2,6 7 13 14,11.731,tinynet,cross,False,1,0.6720000000000006,True,1619
4,2,6 7 13 14,11.731,lfa,main,False,29,10.667,True,810
4,2,6 7 13 14,11.731,lfa,cross,False,0,0.43199999999998795,True,1619
4,3,5 6 8 9,12.987,tinynet,main,False,0,0.52800000000002,True,810
4,3,5 6 8 9,12.987,tinynet,cross,False,32,5.795,True,1621
4,3,5 6 8 9,12.987,lfa,main,False,30,10.366,True,810
4,3,5 6 8 9,12.987,lfa,cross,False,1200,200.63,True,1620
4,4,2 4 6 8,11.153,tinynet,main,False,14,5.961,True,810
4,4,2 4 6 8,11.153,tinynet,cross,False,18,3.7439999999999998,True,1620
4,4,2 4 6 8,11.153,lfa,main,False,598,200.673,True,810
4,4,2 4 6 8,11.153,lfa,cross,False,1197,200.463,True,1620
4,5,2 4 6 10,11.324,tinynet,main,False,9,3.7620000000000005,True,811
4,5,2 4 6 10,11.324,tinynet,cross,False,26,5.297000000000001,True,1620
4,5,2 4 6 10,11.324,lfa,main,False,599,200.666,True,810
4,5,2 4 6 10,11.324,lfa,cross,False,1197,200.435,True,1620
4,6,1 2 4 13,11.709,tinynet,main,True,,,,
4,6,1 2 4 13,11.709,tinynet,cross,False,15,3.2689999999999984,True,1620
4,6,1 2 4 13,11.709,lfa,main,True,,,,
4,6,1 2 4 13,11.709,lfa,cross,False,61,10.763,True,1620
4,7,1 7 8 13,12.974,tinynet,main,False,148,57.78599999999999,False,811
4,7,1 7 8 13,12.974,tinynet,cross,True,,,,
4,7,1 7 8 13,12.974,lfa,main,False,599,200.66,True,810
4,7,1 7 8 13,12.974,lfa,cross,True,,,,
4,8,4 7 9 14,11.401,tinynet,main,False,7,3.24,True,810
4,8,4 7 9 14,11.401,tinynet,cross,True,,,,
4,8,4 7 9 14,11.401,lfa,main,False,30,10.536000000000001,True,811
4,8,4 7 9 14,11.401,lfa,cross,True,,,,
4,9,4 7 9 13,12.085,tinynet,main,False,12,4.667999999999999,True,811
4,9,4 7 9 13,12.085,tinynet,cross,True,,,,
4,9,4 7 9 13,12.085,lfa,main,False,29,10.572,True,810
4,9,4 7 9 13,12.085,lfa,cross,True,,,,
4,10,1 11 13 14,11.863,tinynet,main,True,,,,
4,10,1 11 13 14,11.863,tinynet,cross,False,25,5.0969999999999995,True,1620
4,10,1 11 13 14,11.863,lfa,main,True,,,,
4,10,1 11 13 14,11.863,lfa,cross,False,1198,200.454,True,1620
4,11,2 7 8 13,11.662,tinynet,main,False,7,3.2060000000000013,True,810
4,11,2 7 8 13,11.662,tinynet,cross,True,,,,
4,11,2 7 8 13,11.662,lfa,main,False,30,10.535000000000002,True,810
4,11,2 7 8 13,11.662,lfa,cross,True,,,,
4,12,6 10 11 13,12.395,tinynet,main,True,,,,
4,12,6 10 11 13,12.395,tinynet,cross,False,0,0.4869999999999983,True,1620
4,12,6 10 11 13,12.395,lfa,main,True,,,,
4,12,6 10 11 13,12.395,lfa,cross,False,0,0.40399999999999636,True,1619
4,13,2 11 13 14,12.967,tinynet,main,True,,,,
4,13,2 11 13 14,12.967,tinynet,cross,False,7,2.093,True,1620
4,13,2 11 13 14,12.967,lfa,main,True,,,,
4,13,2 11 13 14,12.967,lfa,cross,False,1197,200.507,True,1620
4,14,4 7 9 11,12.822,tinynet,main,False,9,4.005000000000001,True,810
4,14,4 7 9 11,12.822,tinynet,cross,False,29,5.590999999999999,True,1620
4,14,4 7 9 11,12.822,lfa,main,False,598,200.17499999999998,True,810
4,14,4 7 9 11,12.822,lfa,cross,False,1199,200.602,True,1620
4,15,2 4 5 6,11.224,tinynet,main,True,,,,
4,15,2 4 5 6,11.224,tinynet,cross,False,18,3.7620000000000005,True,1621
4,15,2 4 5 6,11.224,lfa,main,True,,,,
4,15,2 4 5 6,11.224,lfa,cross,False,60,10.892,True,1620
4,16,2 4 8 13,11.671,tinynet,main,False,16,3.190999999999999,True,810
4,16,2 4 8 13,11.671,tinynet,cross,True,,,,
4,16,2 4 8 13,11.671,lfa,main,False,599,200.227,True,810
4,16,2 4 8 13,11.671,lfa,cross,True,,,,
4,17,1 8 10 14,11.64,tinynet,main,False,8,3.360999999999999,True,811
4,17,1 8 10 14,11.64,tinynet,cross,False,14,3.0519999999999996,True,1620
4,17,1 8 10 14,11.64,lfa,main,False,599,200.363,True,810
4,17,1 8 10 14,11.64,lfa,cross,False,1199,200.74699999999999,True,1620
4,18,1 6 7 8,11.366,tinynet,main,False,9,3.2440000000000015,True,811
4,18,1 6 7 8,11.366,tinynet,cross,True,,,,
4,18,1 6 7 8,11.366,lfa,main,False,31,10.873000000000001,True,810
4,18,1 6 7 8,11.366,lfa,cross,True,,,,
4,19,1 10 11 14,12.715,tinynet,main,True,,,,
4,19,1 10 11 14,12.715,tinynet,cross,False,20,4.167,True,1620
4,19,1 10 11 14,12.715,lfa,main,True,,,,
4,19,1 10 11 14,12.715,lfa,cross,False,1198,200.333,True,1620
4,20,1 2 6 11,11.171,tinynet,main,False,8,3.6259999999999994,True,810
4,20,1 2 6 11,11.171,tinynet,cross,True,,,,
4,20,1 2 6 11,11.171,lfa,main,False,30,10.870999999999999,True,810
4,20,1 2 6 11,11.171,lfa,cross,True,,,,
4,21,1 5 10 11,12.413,tinynet,main,False,10,4.288999999999998,True,810
4,21,1 5 10 11,12.413,tinynet,cross,True,,,,
4,21,1 5 10 11,12.413,lfa,main,False,30,10.869,True,810
4,21,1 5 10 11,12.413,lfa,cross,True,,,,
4,22,2 7 8 10,12.786,tinynet,main,False,21,8.488000000000001,True,816
4,22,2 7 8 10,12.786,tinynet,cross,True,,,,
4,22,2 7 8 10,12.786,lfa,main,False,599,200.726,True,810
4,22,2 7 8 10,12.786,lfa,cross,True,,,,
4,23,5 6 10 14,11.797,tinynet,main,False,6,2.747,True,810
4,23,5 6 10 14,11.797,tinynet,cross,False,1,0.5649999999999995,True,1620
4,23,5 6 10 14,11.797,lfa,main,False,30,10.751999999999999,True,810
4,23,5 6 10 14,11.797,lfa,cross,False,0,0.33899999999999864,True,1620
4,24,6 7 8 10,11.931,tinynet,main,False,12,4.832999999999998,True,810
4,24,6 7 8 10,11.931,tinynet,cross,False,20,3.0570000000000004,True,1620
4,24,6 7 8 10,11.931,lfa,main,False,599,200.4,True,810
4,24,6 7 8 10,11.931,lfa,cross,False,1199,200.463,True,1620
4,25,9 10 13 14,12.817,tinynet,main,False,0,0.47500000000002274,True,810
4,25,9 10 13 14,12.817,tinynet,cross,False,4,1.1669999999999998,True,1621
4,25,9 10 13 14,12.817,lfa,main,False,0,0.5130000000000052,True,810
4,25,9 10 13 14,12.817,lfa,cross,False,0,0.34499999999999886,True,1620
4,26,2 9 13 14,12.058,tinynet,main,False,12,5.065999999999999,True,811
4,26,2 9 13 14,12.058,tinynet,cross,False,37,6.616000000000001,True,1622
4,26,2 9 13 14,12.058,lfa,main,False,599,200.418,True,811
4,26,2 9 13 14,12.058,lfa,cross,False,1196,200.21099999999998,True,1620
4,27,4 6 7 9,11.299,tinynet,main,True,,,,
4,27,4 6 7 9,11.299,tinynet,cross,True,,,,
4,27,4 6 7 9,11.299,lfa,main,True,,,,
4,27,4 6 7 9,11.299,lfa,cross,True,,,,
4,28,1 2 9 11,12.321,tinynet,main,False,11,4.513999999999999,True,810
4,28,1 2 9 11,12.321,tinynet,cross,False,24,4.747999999999999,True,1621
4,28,1 2 9 11,12.321,lfa,main,False,600,201.08599999999998,True,810
4,28,1 2 9 11,12.321,lfa,cross,False,1197,200.559,True,1620
4,29,1 5 6 8,12.032,tinynet,main,True,,,,
4,29,1 5 6 8,12.032,tinynet,cross,False,37,6.734,True,1620
4,29,1 5 6 8,12.032,lfa,main,True,,,,
4,29,1 5 6 8,12.032,lfa,cross,False,1201,200.658,True,1621
